-- MySQL dump 10.13  Distrib 5.7.19, for linux-glibc2.12 (x86_64)
--
-- Host: localhost    Database: footstat
-- ------------------------------------------------------
-- Server version	5.7.19

/*!40101 SET @OLD_CHARACTER_SET_CLIENT=@@CHARACTER_SET_CLIENT */;
/*!40101 SET @OLD_CHARACTER_SET_RESULTS=@@CHARACTER_SET_RESULTS */;
/*!40101 SET @OLD_COLLATION_CONNECTION=@@COLLATION_CONNECTION */;
/*!40101 SET NAMES UTF8 */;
/*!40103 SET @OLD_TIME_ZONE=@@TIME_ZONE */;
/*!40103 SET TIME_ZONE='+00:00' */;
/*!40014 SET @OLD_UNIQUE_CHECKS=@@UNIQUE_CHECKS, UNIQUE_CHECKS=0 */;
/*!40014 SET @OLD_FOREIGN_KEY_CHECKS=@@FOREIGN_KEY_CHECKS, FOREIGN_KEY_CHECKS=0 */;
/*!40101 SET @OLD_SQL_MODE=@@SQL_MODE, SQL_MODE='NO_AUTO_VALUE_ON_ZERO' */;
/*!40111 SET @OLD_SQL_NOTES=@@SQL_NOTES, SQL_NOTES=0 */;

--
-- Current Database: `footstat`
--

CREATE DATABASE /*!32312 IF NOT EXISTS*/ `footstat` /*!40100 DEFAULT CHARACTER SET utf8 */;

USE `footstat`;

--
-- Table structure for table `areas`
--

DROP TABLE IF EXISTS `areas`;
/*!40101 SET @saved_cs_client     = @@character_set_client */;
/*!40101 SET character_set_client = utf8 */;
CREATE TABLE `areas` (
  `id` int(11) NOT NULL,
  `area_name` varchar(255) COLLATE utf8mb4_unicode_ci NOT NULL,
  `area_code` varchar(3) COLLATE utf8mb4_unicode_ci NOT NULL,
  `parentAreaId` int(11) DEFAULT NULL,
  `AltId1` int(11) DEFAULT NULL,
  `AltId2` int(11) DEFAULT NULL,
  `AltId3` int(11) DEFAULT NULL,
  `created_at` timestamp NULL DEFAULT NULL,
  `updated_at` timestamp NULL DEFAULT NULL,
  PRIMARY KEY (`id`),
  UNIQUE KEY `areas_area_name_unique` (`area_name`),
  UNIQUE KEY `areas_area_code_unique` (`area_code`)
) ENGINE=InnoDB DEFAULT CHARSET=utf8mb4 COLLATE=utf8mb4_unicode_ci;
/*!40101 SET character_set_client = @saved_cs_client */;

--
-- Dumping data for table `areas`
--

LOCK TABLES `areas` WRITE;
/*!40000 ALTER TABLE `areas` DISABLE KEYS */;
INSERT INTO `areas` VALUES (2000,'Afghanistan','AFG',2014,NULL,NULL,NULL,'2018-10-18 15:58:13','2018-10-18 15:58:13'),(2001,'Africa','AFR',2267,NULL,NULL,NULL,'2018-10-18 15:58:13','2018-10-18 15:58:13'),(2002,'Albania','ALB',2077,NULL,NULL,NULL,'2018-10-18 15:58:13','2018-10-18 15:58:13'),(2003,'Alderney','ALD',2077,NULL,NULL,NULL,'2018-10-18 15:58:13','2018-10-18 15:58:13'),(2004,'Algeria','ALG',2001,NULL,NULL,NULL,'2018-10-18 15:58:13','2018-10-18 15:58:13'),(2005,'American Samoa','ASM',2175,NULL,NULL,NULL,'2018-10-18 15:58:13','2018-10-18 15:58:13'),(2006,'Andorra','AND',2077,NULL,NULL,NULL,'2018-10-18 15:58:13','2018-10-18 15:58:13'),(2007,'Angola','ANG',2001,NULL,NULL,NULL,'2018-10-18 15:58:13','2018-10-18 15:58:13'),(2008,'Anguilla','AIA',2159,NULL,NULL,NULL,'2018-10-18 15:58:13','2018-10-18 15:58:13'),(2009,'Antigua and Barbuda','ATG',2159,NULL,NULL,NULL,'2018-10-18 15:58:13','2018-10-18 15:58:13'),(2010,'Arameans Suryoye','ARS',2267,NULL,NULL,NULL,'2018-10-18 15:58:13','2018-10-18 15:58:13'),(2011,'Argentina','ARG',2220,NULL,NULL,NULL,'2018-10-18 15:58:13','2018-10-18 15:58:13'),(2012,'Armenia','ARM',2077,NULL,NULL,NULL,'2018-10-18 15:58:13','2018-10-18 15:58:13'),(2013,'Aruba','ABW',2159,NULL,NULL,NULL,'2018-10-18 15:58:13','2018-10-18 15:58:13'),(2014,'Asia','ASI',2267,NULL,NULL,NULL,'2018-10-18 15:58:13','2018-10-18 15:58:13'),(2015,'Australia','AUS',2014,NULL,NULL,NULL,'2018-10-18 15:58:13','2018-10-18 15:58:13'),(2016,'Austria','AUT',2077,NULL,NULL,NULL,'2018-10-18 15:58:13','2018-10-18 15:58:13'),(2017,'Azerbaijan','AZE',2077,NULL,NULL,NULL,'2018-10-18 15:58:13','2018-10-18 15:58:13'),(2018,'Bahamas','BHS',2159,NULL,NULL,NULL,'2018-10-18 15:58:13','2018-10-18 15:58:13'),(2019,'Bahrain','BHR',2014,NULL,NULL,NULL,'2018-10-18 15:58:13','2018-10-18 15:58:13'),(2020,'Bangladesh','BAN',2014,NULL,NULL,NULL,'2018-10-18 15:58:13','2018-10-18 15:58:13'),(2021,'Barbados','BRB',2159,NULL,NULL,NULL,'2018-10-18 15:58:13','2018-10-18 15:58:13'),(2022,'Belarus','BLR',2077,NULL,NULL,NULL,'2018-10-18 15:58:13','2018-10-18 15:58:13'),(2023,'Belgium','BEL',2077,NULL,NULL,NULL,'2018-10-18 15:58:13','2018-10-18 15:58:13'),(2024,'Belize','BLZ',2159,NULL,NULL,NULL,'2018-10-18 15:58:13','2018-10-18 15:58:13'),(2025,'Benin','BEN',2001,NULL,NULL,NULL,'2018-10-18 15:58:13','2018-10-18 15:58:13'),(2026,'Bermuda','BMU',2159,NULL,NULL,NULL,'2018-10-18 15:58:13','2018-10-18 15:58:13'),(2027,'Bhutan','BHU',2014,NULL,NULL,NULL,'2018-10-18 15:58:13','2018-10-18 15:58:13'),(2028,'Bolivia','BOL',2220,NULL,NULL,NULL,'2018-10-18 15:58:13','2018-10-18 15:58:13'),(2029,'Bonaire','BON',2159,NULL,NULL,NULL,'2018-10-18 15:58:13','2018-10-18 15:58:13'),(2030,'Bosnia and Herzegovina','BIH',2077,NULL,NULL,NULL,'2018-10-18 15:58:13','2018-10-18 15:58:13'),(2031,'Botswana','BOT',2001,NULL,NULL,NULL,'2018-10-18 15:58:13','2018-10-18 15:58:13'),(2032,'Brazil','BRA',2220,NULL,NULL,NULL,'2018-10-18 15:58:13','2018-10-18 15:58:13'),(2033,'British Virgin Islands','BVI',2159,NULL,NULL,NULL,'2018-10-18 15:58:13','2018-10-18 15:58:13'),(2034,'Brunei Darussalam','BRU',2014,NULL,NULL,NULL,'2018-10-18 15:58:13','2018-10-18 15:58:13'),(2035,'Bulgaria','BGR',2077,NULL,NULL,NULL,'2018-10-18 15:58:13','2018-10-18 15:58:13'),(2036,'Burkina Faso','BFA',2001,NULL,NULL,NULL,'2018-10-18 15:58:13','2018-10-18 15:58:13'),(2037,'Burundi','BDI',2001,NULL,NULL,NULL,'2018-10-18 15:58:13','2018-10-18 15:58:13'),(2038,'Cambodia','CAM',2014,NULL,NULL,NULL,'2018-10-18 15:58:13','2018-10-18 15:58:13'),(2039,'Cameroon','CMR',2001,NULL,NULL,NULL,'2018-10-18 15:58:13','2018-10-18 15:58:13'),(2040,'Canada','CAN',2159,NULL,NULL,NULL,'2018-10-18 15:58:13','2018-10-18 15:58:13'),(2041,'Cape Verde Islands','CPV',2001,NULL,NULL,NULL,'2018-10-18 15:58:13','2018-10-18 15:58:13'),(2042,'Cayman Islands','CYM',2159,NULL,NULL,NULL,'2018-10-18 15:58:13','2018-10-18 15:58:13'),(2043,'Central African Republic','CTA',2001,NULL,NULL,NULL,'2018-10-18 15:58:13','2018-10-18 15:58:13'),(2044,'Chad','CHA',2001,NULL,NULL,NULL,'2018-10-18 15:58:13','2018-10-18 15:58:13'),(2045,'Chile','CHL',2220,NULL,NULL,NULL,'2018-10-18 15:58:13','2018-10-18 15:58:13'),(2046,'China PR','CHN',2014,NULL,NULL,NULL,'2018-10-18 15:58:13','2018-10-18 15:58:13'),(2047,'Chinese Taipei','TPE',2014,NULL,NULL,NULL,'2018-10-18 15:58:13','2018-10-18 15:58:13'),(2048,'CIS','CIS',2077,NULL,NULL,NULL,'2018-10-18 15:58:13','2018-10-18 15:58:13'),(2049,'Colombia','COL',2220,NULL,NULL,NULL,'2018-10-18 15:58:13','2018-10-18 15:58:13'),(2050,'Comoros','CMO',2001,NULL,NULL,NULL,'2018-10-18 15:58:13','2018-10-18 15:58:13'),(2051,'Congo','CGO',2001,NULL,NULL,NULL,'2018-10-18 15:58:13','2018-10-18 15:58:13'),(2052,'Congo DR','COD',2001,NULL,NULL,NULL,'2018-10-18 15:58:13','2018-10-18 15:58:13'),(2053,'Cook Islands','COK',2175,NULL,NULL,NULL,'2018-10-18 15:58:13','2018-10-18 15:58:13'),(2054,'Corsica','COR',2077,NULL,NULL,NULL,'2018-10-18 15:58:13','2018-10-18 15:58:13'),(2055,'Costa Rica','CRI',2159,NULL,NULL,NULL,'2018-10-18 15:58:13','2018-10-18 15:58:13'),(2056,'Côte d’Ivoire','CIV',2001,NULL,NULL,NULL,'2018-10-18 15:58:13','2018-10-18 15:58:13'),(2057,'Crimea','ARC',2077,NULL,NULL,NULL,'2018-10-18 15:58:13','2018-10-18 15:58:13'),(2058,'Croatia','HRV',2077,NULL,NULL,NULL,'2018-10-18 15:58:13','2018-10-18 15:58:13'),(2059,'Cuba','CUB',2159,NULL,NULL,NULL,'2018-10-18 15:58:13','2018-10-18 15:58:13'),(2060,'Curaçao','ANT',2159,NULL,NULL,NULL,'2018-10-18 15:58:13','2018-10-18 15:58:13'),(2061,'Cyprus','CYP',2077,NULL,NULL,NULL,'2018-10-18 15:58:13','2018-10-18 15:58:13'),(2062,'Czech Republic','CZE',2077,NULL,NULL,NULL,'2018-10-18 15:58:13','2018-10-18 15:58:13'),(2063,'Czechoslovakia','CZS',2077,NULL,NULL,NULL,'2018-10-18 15:58:13','2018-10-18 15:58:13'),(2064,'Darfur','DAR',2267,NULL,NULL,NULL,'2018-10-18 15:58:13','2018-10-18 15:58:13'),(2065,'Denmark','DNK',2077,NULL,NULL,NULL,'2018-10-18 15:58:13','2018-10-18 15:58:13'),(2066,'Djibouti','DJI',2001,NULL,NULL,NULL,'2018-10-18 15:58:13','2018-10-18 15:58:13'),(2067,'Dominica','DMA',2159,NULL,NULL,NULL,'2018-10-18 15:58:13','2018-10-18 15:58:13'),(2068,'Dominican Republic','DOM',2159,NULL,NULL,NULL,'2018-10-18 15:58:13','2018-10-18 15:58:13'),(2069,'Ecuador','ECU',2220,NULL,NULL,NULL,'2018-10-18 15:58:13','2018-10-18 15:58:13'),(2070,'Egypt','EGY',2001,NULL,NULL,NULL,'2018-10-18 15:58:13','2018-10-18 15:58:13'),(2071,'El Salvador','SLV',2159,NULL,NULL,NULL,'2018-10-18 15:58:13','2018-10-18 15:58:13'),(2072,'England','ENG',2077,NULL,NULL,NULL,'2018-10-18 15:58:13','2018-10-18 15:58:13'),(2073,'Equatorial Guinea','EQG',2001,NULL,NULL,NULL,'2018-10-18 15:58:13','2018-10-18 15:58:13'),(2074,'Eritrea','ERI',2001,NULL,NULL,NULL,'2018-10-18 15:58:13','2018-10-18 15:58:13'),(2075,'Estonia','EST',2077,NULL,NULL,NULL,'2018-10-18 15:58:13','2018-10-18 15:58:13'),(2076,'Ethiopia','ETH',2001,NULL,NULL,NULL,'2018-10-18 15:58:13','2018-10-18 15:58:13'),(2077,'Europe','EUR',2267,NULL,NULL,NULL,'2018-10-18 15:58:13','2018-10-18 15:58:13'),(2078,'Faroe Islands','FRO',2077,NULL,NULL,NULL,'2018-10-18 15:58:13','2018-10-18 15:58:13'),(2079,'Fiji','FJI',2175,NULL,NULL,NULL,'2018-10-18 15:58:13','2018-10-18 15:58:13'),(2080,'Finland','FIN',2077,NULL,NULL,NULL,'2018-10-18 15:58:13','2018-10-18 15:58:13'),(2081,'France','FRA',2077,NULL,NULL,NULL,'2018-10-18 15:58:13','2018-10-18 15:58:13'),(2082,'French Guiana','FGU',2159,NULL,NULL,NULL,'2018-10-18 15:58:13','2018-10-18 15:58:13'),(2083,'FYR Macedonia','MKD',2077,NULL,NULL,NULL,'2018-10-18 15:58:13','2018-10-18 15:58:13'),(2084,'Gabon','GAB',2001,NULL,NULL,NULL,'2018-10-18 15:58:13','2018-10-18 15:58:13'),(2085,'Gambia','GAM',2001,NULL,NULL,NULL,'2018-10-18 15:58:13','2018-10-18 15:58:13'),(2086,'GDR','GDR',2077,NULL,NULL,NULL,'2018-10-18 15:58:13','2018-10-18 15:58:13'),(2087,'Georgia','GEO',2077,NULL,NULL,NULL,'2018-10-18 15:58:13','2018-10-18 15:58:13'),(2088,'Germany','DEU',2077,NULL,NULL,NULL,'2018-10-18 15:58:13','2018-10-18 15:58:13'),(2089,'Ghana','GHA',2001,NULL,NULL,NULL,'2018-10-18 15:58:13','2018-10-18 15:58:13'),(2090,'Gibraltar','GIB',2077,NULL,NULL,NULL,'2018-10-18 15:58:13','2018-10-18 15:58:13'),(2091,'Gozo','GOZ',2077,NULL,NULL,NULL,'2018-10-18 15:58:13','2018-10-18 15:58:13'),(2092,'Great Britain','GBR',2077,NULL,NULL,NULL,'2018-10-18 15:58:13','2018-10-18 15:58:13'),(2093,'Greece','GRC',2077,NULL,NULL,NULL,'2018-10-18 15:58:13','2018-10-18 15:58:13'),(2094,'Greenland','GEE',2077,NULL,NULL,NULL,'2018-10-18 15:58:13','2018-10-18 15:58:13'),(2095,'Grenada','GRD',2159,NULL,NULL,NULL,'2018-10-18 15:58:13','2018-10-18 15:58:13'),(2096,'Guadeloupe','GDL',2159,NULL,NULL,NULL,'2018-10-18 15:58:13','2018-10-18 15:58:13'),(2097,'Guam','GUM',2014,NULL,NULL,NULL,'2018-10-18 15:58:13','2018-10-18 15:58:13'),(2098,'Guatemala','GTM',2159,NULL,NULL,NULL,'2018-10-18 15:58:13','2018-10-18 15:58:13'),(2099,'Guernsey','GGY',2077,NULL,NULL,NULL,'2018-10-18 15:58:13','2018-10-18 15:58:13'),(2100,'Guinea','GUI',2001,NULL,NULL,NULL,'2018-10-18 15:58:13','2018-10-18 15:58:13'),(2101,'Guinea-Bissau','GNB',2001,NULL,NULL,NULL,'2018-10-18 15:58:13','2018-10-18 15:58:13'),(2102,'Guyana','GUY',2159,NULL,NULL,NULL,'2018-10-18 15:58:13','2018-10-18 15:58:13'),(2103,'Haiti','HTI',2159,NULL,NULL,NULL,'2018-10-18 15:58:13','2018-10-18 15:58:13'),(2104,'Honduras','HND',2159,NULL,NULL,NULL,'2018-10-18 15:58:13','2018-10-18 15:58:13'),(2105,'Hong Kong','HKG',2014,NULL,NULL,NULL,'2018-10-18 15:58:13','2018-10-18 15:58:13'),(2106,'Hungary','HUN',2077,NULL,NULL,NULL,'2018-10-18 15:58:13','2018-10-18 15:58:13'),(2107,'Iceland','ISL',2077,NULL,NULL,NULL,'2018-10-18 15:58:13','2018-10-18 15:58:13'),(2108,'India','IND',2014,NULL,NULL,NULL,'2018-10-18 15:58:13','2018-10-18 15:58:13'),(2109,'Indonesia','IDN',2014,NULL,NULL,NULL,'2018-10-18 15:58:13','2018-10-18 15:58:13'),(2110,'Iran','IRN',2014,NULL,NULL,NULL,'2018-10-18 15:58:14','2018-10-18 15:58:14'),(2111,'Iraq','IRQ',2014,NULL,NULL,NULL,'2018-10-18 15:58:14','2018-10-18 15:58:14'),(2112,'Isle of Man','IOM',2077,NULL,NULL,NULL,'2018-10-18 15:58:14','2018-10-18 15:58:14'),(2113,'Israel','ISR',2077,NULL,NULL,NULL,'2018-10-18 15:58:14','2018-10-18 15:58:14'),(2114,'Italy','ITA',2077,NULL,NULL,NULL,'2018-10-18 15:58:14','2018-10-18 15:58:14'),(2115,'Jamaica','JAM',2159,NULL,NULL,NULL,'2018-10-18 15:58:14','2018-10-18 15:58:14'),(2116,'Japan','JPN',2014,NULL,NULL,NULL,'2018-10-18 15:58:14','2018-10-18 15:58:14'),(2117,'Jersey','JER',2077,NULL,NULL,NULL,'2018-10-18 15:58:14','2018-10-18 15:58:14'),(2118,'Jordan','JOR',2014,NULL,NULL,NULL,'2018-10-18 15:58:14','2018-10-18 15:58:14'),(2119,'Kazakhstan','KAZ',2077,NULL,NULL,NULL,'2018-10-18 15:58:14','2018-10-18 15:58:14'),(2120,'Kenya','KEN',2001,NULL,NULL,NULL,'2018-10-18 15:58:14','2018-10-18 15:58:14'),(2121,'Kiribati','KIR',2175,NULL,NULL,NULL,'2018-10-18 15:58:14','2018-10-18 15:58:14'),(2122,'Korea DPR','PRK',2014,NULL,NULL,NULL,'2018-10-18 15:58:14','2018-10-18 15:58:14'),(2123,'Korea Republic','KOR',2014,NULL,NULL,NULL,'2018-10-18 15:58:14','2018-10-18 15:58:14'),(2124,'Kosovo','KSV',2077,NULL,NULL,NULL,'2018-10-18 15:58:14','2018-10-18 15:58:14'),(2125,'Kurdistan','KUR',2014,NULL,NULL,NULL,'2018-10-18 15:58:14','2018-10-18 15:58:14'),(2126,'Kuwait','KUW',2014,NULL,NULL,NULL,'2018-10-18 15:58:14','2018-10-18 15:58:14'),(2127,'Kyrgyzstan','KGZ',2014,NULL,NULL,NULL,'2018-10-18 15:58:14','2018-10-18 15:58:14'),(2128,'Laos','LAO',2014,NULL,NULL,NULL,'2018-10-18 15:58:14','2018-10-18 15:58:14'),(2129,'Latvia','LVA',2077,NULL,NULL,NULL,'2018-10-18 15:58:14','2018-10-18 15:58:14'),(2130,'Lebanon','LIB',2014,NULL,NULL,NULL,'2018-10-18 15:58:14','2018-10-18 15:58:14'),(2131,'Lesotho','LES',2001,NULL,NULL,NULL,'2018-10-18 15:58:14','2018-10-18 15:58:14'),(2132,'Liberia','LBR',2001,NULL,NULL,NULL,'2018-10-18 15:58:14','2018-10-18 15:58:14'),(2133,'Libya','LBY',2001,NULL,NULL,NULL,'2018-10-18 15:58:14','2018-10-18 15:58:14'),(2134,'Liechtenstein','LIE',2077,NULL,NULL,NULL,'2018-10-18 15:58:14','2018-10-18 15:58:14'),(2135,'Lithuania','LTU',2077,NULL,NULL,NULL,'2018-10-18 15:58:14','2018-10-18 15:58:14'),(2136,'Luxembourg','LUX',2077,NULL,NULL,NULL,'2018-10-18 15:58:14','2018-10-18 15:58:14'),(2137,'Macao','MAC',2014,NULL,NULL,NULL,'2018-10-18 15:58:14','2018-10-18 15:58:14'),(2138,'Madagascar','MAD',2001,NULL,NULL,NULL,'2018-10-18 15:58:14','2018-10-18 15:58:14'),(2139,'Malawi','MWI',2001,NULL,NULL,NULL,'2018-10-18 15:58:14','2018-10-18 15:58:14'),(2140,'Malaysia','MAS',2014,NULL,NULL,NULL,'2018-10-18 15:58:14','2018-10-18 15:58:14'),(2141,'Maldives','MDV',2014,NULL,NULL,NULL,'2018-10-18 15:58:14','2018-10-18 15:58:14'),(2142,'Mali','MLI',2001,NULL,NULL,NULL,'2018-10-18 15:58:14','2018-10-18 15:58:14'),(2143,'Malta','MLT',2077,NULL,NULL,NULL,'2018-10-18 15:58:14','2018-10-18 15:58:14'),(2144,'Marshall Islands','MSI',2175,NULL,NULL,NULL,'2018-10-18 15:58:14','2018-10-18 15:58:14'),(2145,'Martinique','MTQ',2159,NULL,NULL,NULL,'2018-10-18 15:58:14','2018-10-18 15:58:14'),(2146,'Mauritania','MTN',2001,NULL,NULL,NULL,'2018-10-18 15:58:14','2018-10-18 15:58:14'),(2147,'Mauritius','MRI',2001,NULL,NULL,NULL,'2018-10-18 15:58:14','2018-10-18 15:58:14'),(2148,'Mayotte','MYT',2001,NULL,NULL,NULL,'2018-10-18 15:58:14','2018-10-18 15:58:14'),(2149,'Mexico','MEX',2159,NULL,NULL,NULL,'2018-10-18 15:58:14','2018-10-18 15:58:14'),(2150,'Micronesia','MIC',2175,NULL,NULL,NULL,'2018-10-18 15:58:14','2018-10-18 15:58:14'),(2151,'Moldova','MHL',2077,NULL,NULL,NULL,'2018-10-18 15:58:14','2018-10-18 15:58:14'),(2152,'Monaco','MCO',2077,NULL,NULL,NULL,'2018-10-18 15:58:14','2018-10-18 15:58:14'),(2153,'Mongolia','MGL',2014,NULL,NULL,NULL,'2018-10-18 15:58:14','2018-10-18 15:58:14'),(2154,'Montenegro','MNE',2077,NULL,NULL,NULL,'2018-10-18 15:58:14','2018-10-18 15:58:14'),(2155,'Montserrat','MSR',2159,NULL,NULL,NULL,'2018-10-18 15:58:14','2018-10-18 15:58:14'),(2156,'Morocco','MAR',2001,NULL,NULL,NULL,'2018-10-18 15:58:14','2018-10-18 15:58:14'),(2157,'Mozambique','MOZ',2001,NULL,NULL,NULL,'2018-10-18 15:58:14','2018-10-18 15:58:14'),(2158,'Myanmar','MYA',2014,NULL,NULL,NULL,'2018-10-18 15:58:14','2018-10-18 15:58:14'),(2159,'N/C America','NCA',2267,NULL,NULL,NULL,'2018-10-18 15:58:14','2018-10-18 15:58:14'),(2160,'Namibia','NAM',2001,NULL,NULL,NULL,'2018-10-18 15:58:14','2018-10-18 15:58:14'),(2161,'Nauru','NAU',2175,NULL,NULL,NULL,'2018-10-18 15:58:14','2018-10-18 15:58:14'),(2162,'Nepal','NEP',2014,NULL,NULL,NULL,'2018-10-18 15:58:14','2018-10-18 15:58:14'),(2163,'Netherlands','NLD',2077,NULL,NULL,NULL,'2018-10-18 15:58:14','2018-10-18 15:58:14'),(2164,'New Caledonia','NCL',2175,NULL,NULL,NULL,'2018-10-18 15:58:14','2018-10-18 15:58:14'),(2165,'New Zealand','NZL',2175,NULL,NULL,NULL,'2018-10-18 15:58:14','2018-10-18 15:58:14'),(2166,'NF-Board','NFB',2267,NULL,NULL,NULL,'2018-10-18 15:58:14','2018-10-18 15:58:14'),(2167,'Nicaragua','NIC',2159,NULL,NULL,NULL,'2018-10-18 15:58:14','2018-10-18 15:58:14'),(2168,'Niger','NIG',2001,NULL,NULL,NULL,'2018-10-18 15:58:14','2018-10-18 15:58:14'),(2169,'Nigeria','NGA',2001,NULL,NULL,NULL,'2018-10-18 15:58:14','2018-10-18 15:58:14'),(2170,'Niue','NIU',2175,NULL,NULL,NULL,'2018-10-18 15:58:14','2018-10-18 15:58:14'),(2171,'Northern Ireland','NIR',2077,NULL,NULL,NULL,'2018-10-18 15:58:14','2018-10-18 15:58:14'),(2172,'Northern Mariana Islands','NMI',2014,NULL,NULL,NULL,'2018-10-18 15:58:14','2018-10-18 15:58:14'),(2173,'Norway','NOR',2077,NULL,NULL,NULL,'2018-10-18 15:58:14','2018-10-18 15:58:14'),(2174,'Occitania','OCC',2267,NULL,NULL,NULL,'2018-10-18 15:58:14','2018-10-18 15:58:14'),(2175,'Oceania','OCE',2267,NULL,NULL,NULL,'2018-10-18 15:58:14','2018-10-18 15:58:14'),(2176,'Oman','OMA',2014,NULL,NULL,NULL,'2018-10-18 15:58:14','2018-10-18 15:58:14'),(2177,'Padania','PAD',2267,NULL,NULL,NULL,'2018-10-18 15:58:14','2018-10-18 15:58:14'),(2178,'Pakistan','PAK',2014,NULL,NULL,NULL,'2018-10-18 15:58:14','2018-10-18 15:58:14'),(2179,'Palau','PLA',2175,NULL,NULL,NULL,'2018-10-18 15:58:14','2018-10-18 15:58:14'),(2180,'Palestine','PAL',2014,NULL,NULL,NULL,'2018-10-18 15:58:14','2018-10-18 15:58:14'),(2181,'Panama','PAN',2159,NULL,NULL,NULL,'2018-10-18 15:58:14','2018-10-18 15:58:14'),(2182,'Papua New Guinea','PNG',2175,NULL,NULL,NULL,'2018-10-18 15:58:14','2018-10-18 15:58:14'),(2183,'Paraguay','PRY',2220,NULL,NULL,NULL,'2018-10-18 15:58:14','2018-10-18 15:58:14'),(2184,'Peru','PER',2220,NULL,NULL,NULL,'2018-10-18 15:58:14','2018-10-18 15:58:14'),(2185,'Philippines','PHI',2014,NULL,NULL,NULL,'2018-10-18 15:58:14','2018-10-18 15:58:14'),(2186,'Poland','POL',2077,NULL,NULL,NULL,'2018-10-18 15:58:14','2018-10-18 15:58:14'),(2187,'Portugal','PRT',2077,NULL,NULL,NULL,'2018-10-18 15:58:14','2018-10-18 15:58:14'),(2188,'Provence','PRO',2267,NULL,NULL,NULL,'2018-10-18 15:58:14','2018-10-18 15:58:14'),(2189,'Puerto Rico','PRI',2159,NULL,NULL,NULL,'2018-10-18 15:58:14','2018-10-18 15:58:14'),(2190,'Qatar','QAT',2014,NULL,NULL,NULL,'2018-10-18 15:58:14','2018-10-18 15:58:14'),(2191,'Raetia','RAE',2267,NULL,NULL,NULL,'2018-10-18 15:58:14','2018-10-18 15:58:14'),(2192,'Republic of Ireland','IRL',2077,NULL,NULL,NULL,'2018-10-18 15:58:14','2018-10-18 15:58:14'),(2193,'Reunion','REU',2001,NULL,NULL,NULL,'2018-10-18 15:58:14','2018-10-18 15:58:14'),(2194,'Romania','ROU',2077,NULL,NULL,NULL,'2018-10-18 15:58:14','2018-10-18 15:58:14'),(2195,'Russia','RUS',2077,NULL,NULL,NULL,'2018-10-18 15:58:14','2018-10-18 15:58:14'),(2196,'Rwanda','RWA',2001,NULL,NULL,NULL,'2018-10-18 15:58:14','2018-10-18 15:58:14'),(2197,'Saint Martin','SMT',2159,NULL,NULL,NULL,'2018-10-18 15:58:14','2018-10-18 15:58:14'),(2198,'Saint Pierre and Miquelon','SPM',2159,NULL,NULL,NULL,'2018-10-18 15:58:14','2018-10-18 15:58:14'),(2199,'Samoa','WSM',2175,NULL,NULL,NULL,'2018-10-18 15:58:14','2018-10-18 15:58:14'),(2200,'San Marino','SMR',2077,NULL,NULL,NULL,'2018-10-18 15:58:14','2018-10-18 15:58:14'),(2201,'São Tomé e Príncipe','STP',2001,NULL,NULL,NULL,'2018-10-18 15:58:14','2018-10-18 15:58:14'),(2202,'Sápmi','SAP',2267,NULL,NULL,NULL,'2018-10-18 15:58:14','2018-10-18 15:58:14'),(2203,'Saudi Arabia','KSA',2014,NULL,NULL,NULL,'2018-10-18 15:58:14','2018-10-18 15:58:14'),(2204,'Scotland','SCO',2077,NULL,NULL,NULL,'2018-10-18 15:58:14','2018-10-18 15:58:14'),(2205,'Senegal','SEN',2001,NULL,NULL,NULL,'2018-10-18 15:58:14','2018-10-18 15:58:14'),(2206,'Serbia','SER',2077,NULL,NULL,NULL,'2018-10-18 15:58:14','2018-10-18 15:58:14'),(2207,'Serbia and Montenegro','SCG',2077,NULL,NULL,NULL,'2018-10-18 15:58:14','2018-10-18 15:58:14'),(2208,'Seychelles','SEY',2001,NULL,NULL,NULL,'2018-10-18 15:58:14','2018-10-18 15:58:14'),(2209,'Shetland','SHE',2077,NULL,NULL,NULL,'2018-10-18 15:58:14','2018-10-18 15:58:14'),(2210,'Sierra Leone','SLE',2001,NULL,NULL,NULL,'2018-10-18 15:58:14','2018-10-18 15:58:14'),(2211,'Singapore','SIN',2014,NULL,NULL,NULL,'2018-10-18 15:58:14','2018-10-18 15:58:14'),(2212,'Sint Eustatius','SEU',2159,NULL,NULL,NULL,'2018-10-18 15:58:14','2018-10-18 15:58:14'),(2213,'Sint Maarten','SMA',2159,NULL,NULL,NULL,'2018-10-18 15:58:14','2018-10-18 15:58:14'),(2214,'Slovakia','SVK',2077,NULL,NULL,NULL,'2018-10-18 15:58:14','2018-10-18 15:58:14'),(2215,'Slovenia','SVN',2077,NULL,NULL,NULL,'2018-10-18 15:58:14','2018-10-18 15:58:14'),(2216,'Solomon Islands','SLB',2175,NULL,NULL,NULL,'2018-10-18 15:58:14','2018-10-18 15:58:14'),(2217,'Somalia','SOM',2001,NULL,NULL,NULL,'2018-10-18 15:58:14','2018-10-18 15:58:14'),(2218,'Somaliland','SOL',2001,NULL,NULL,NULL,'2018-10-18 15:58:14','2018-10-18 15:58:14'),(2219,'South Africa','RSA',2001,NULL,NULL,NULL,'2018-10-18 15:58:14','2018-10-18 15:58:14'),(2220,'South America','SAM',2267,NULL,NULL,NULL,'2018-10-18 15:58:14','2018-10-18 15:58:14'),(2221,'South Sudan','SSD',2001,NULL,NULL,NULL,'2018-10-18 15:58:14','2018-10-18 15:58:14'),(2222,'Southern Cameroon','SCM',2267,NULL,NULL,NULL,'2018-10-18 15:58:14','2018-10-18 15:58:14'),(2223,'Soviet Union','SOV',2077,NULL,NULL,NULL,'2018-10-18 15:58:14','2018-10-18 15:58:14'),(2224,'Spain','ESP',2077,NULL,NULL,NULL,'2018-10-18 15:58:14','2018-10-18 15:58:14'),(2225,'Sri Lanka','SRI',2014,NULL,NULL,NULL,'2018-10-18 15:58:14','2018-10-18 15:58:14'),(2226,'St. Helena','STH',2001,NULL,NULL,NULL,'2018-10-18 15:58:14','2018-10-18 15:58:14'),(2227,'St. Kitts and Nevis','SKN',2159,NULL,NULL,NULL,'2018-10-18 15:58:14','2018-10-18 15:58:14'),(2228,'St. Lucia','STL',2159,NULL,NULL,NULL,'2018-10-18 15:58:14','2018-10-18 15:58:14'),(2229,'St. Vincent and the Grenadines','SVG',2159,NULL,NULL,NULL,'2018-10-18 15:58:14','2018-10-18 15:58:14'),(2230,'Sudan','SUD',2001,NULL,NULL,NULL,'2018-10-18 15:58:14','2018-10-18 15:58:14'),(2231,'Suriname','SUR',2159,NULL,NULL,NULL,'2018-10-18 15:58:14','2018-10-18 15:58:14'),(2232,'Swaziland','SWZ',2001,NULL,NULL,NULL,'2018-10-18 15:58:14','2018-10-18 15:58:14'),(2233,'Sweden','SWE',2077,NULL,NULL,NULL,'2018-10-18 15:58:14','2018-10-18 15:58:14'),(2234,'Switzerland','CHE',2077,NULL,NULL,NULL,'2018-10-18 15:58:14','2018-10-18 15:58:14'),(2235,'Syria','SYR',2014,NULL,NULL,NULL,'2018-10-18 15:58:14','2018-10-18 15:58:14'),(2236,'Tahiti','TAH',2175,NULL,NULL,NULL,'2018-10-18 15:58:14','2018-10-18 15:58:14'),(2237,'Tajikistan','TJK',2014,NULL,NULL,NULL,'2018-10-18 15:58:14','2018-10-18 15:58:14'),(2238,'Tamil Eelam','TEL',2267,NULL,NULL,NULL,'2018-10-18 15:58:14','2018-10-18 15:58:14'),(2239,'Tanzania','TAN',2001,NULL,NULL,NULL,'2018-10-18 15:58:14','2018-10-18 15:58:14'),(2240,'Thailand','THA',2014,NULL,NULL,NULL,'2018-10-18 15:58:14','2018-10-18 15:58:14'),(2241,'Timor-Leste','EAT',2014,NULL,NULL,NULL,'2018-10-18 15:58:14','2018-10-18 15:58:14'),(2242,'Togo','TOG',2001,NULL,NULL,NULL,'2018-10-18 15:58:14','2018-10-18 15:58:14'),(2243,'Tonga','TON',2175,NULL,NULL,NULL,'2018-10-18 15:58:14','2018-10-18 15:58:14'),(2244,'TR Northern Cyprus','NCY',2077,NULL,NULL,NULL,'2018-10-18 15:58:14','2018-10-18 15:58:14'),(2245,'Trinidad and Tobago','TTO',2159,NULL,NULL,NULL,'2018-10-18 15:58:14','2018-10-18 15:58:14'),(2246,'Tunisia','TUN',2001,NULL,NULL,NULL,'2018-10-18 15:58:14','2018-10-18 15:58:14'),(2247,'Turkey','TUR',2077,NULL,NULL,NULL,'2018-10-18 15:58:14','2018-10-18 15:58:14'),(2248,'Turkmenistan','TKM',2014,NULL,NULL,NULL,'2018-10-18 15:58:14','2018-10-18 15:58:14'),(2249,'Turks and Caicos Islands','TCA',2159,NULL,NULL,NULL,'2018-10-18 15:58:14','2018-10-18 15:58:14'),(2250,'Tuvalu','TVL',2175,NULL,NULL,NULL,'2018-10-18 15:58:14','2018-10-18 15:58:14'),(2251,'Two Sicilies','TSI',2267,NULL,NULL,NULL,'2018-10-18 15:58:14','2018-10-18 15:58:14'),(2252,'Uganda','UGA',2001,NULL,NULL,NULL,'2018-10-18 15:58:14','2018-10-18 15:58:14'),(2253,'Ukraine','UKR',2077,NULL,NULL,NULL,'2018-10-18 15:58:14','2018-10-18 15:58:14'),(2254,'United Arab Emirates','UAE',2014,NULL,NULL,NULL,'2018-10-18 15:58:14','2018-10-18 15:58:14'),(2255,'United Kingdom','UK',2077,NULL,NULL,NULL,'2018-10-18 15:58:14','2018-10-18 15:58:14'),(2256,'United States','USA',2159,NULL,NULL,NULL,'2018-10-18 15:58:14','2018-10-18 15:58:14'),(2257,'Uruguay','URY',2220,NULL,NULL,NULL,'2018-10-18 15:58:14','2018-10-18 15:58:14'),(2258,'US Virgin Islands','USV',2159,NULL,NULL,NULL,'2018-10-18 15:58:14','2018-10-18 15:58:14'),(2259,'Uzbekistan','UZB',2014,NULL,NULL,NULL,'2018-10-18 15:58:14','2018-10-18 15:58:14'),(2260,'Vanuatu','VUT',2175,NULL,NULL,NULL,'2018-10-18 15:58:14','2018-10-18 15:58:14'),(2261,'Vatican City','VAC',2077,NULL,NULL,NULL,'2018-10-18 15:58:14','2018-10-18 15:58:14'),(2262,'Venezuela','VEN',2220,NULL,NULL,NULL,'2018-10-18 15:58:14','2018-10-18 15:58:14'),(2263,'Vietnam','VIE',2014,NULL,NULL,NULL,'2018-10-18 15:58:14','2018-10-18 15:58:14'),(2264,'Wales','WAL',2077,NULL,NULL,NULL,'2018-10-18 15:58:14','2018-10-18 15:58:14'),(2265,'West Indies','WIN',2267,NULL,NULL,NULL,'2018-10-18 15:58:14','2018-10-18 15:58:14'),(2266,'Western Sahara','WSR',2001,NULL,NULL,NULL,'2018-10-18 15:58:14','2018-10-18 15:58:14'),(2267,'World','INT',NULL,NULL,NULL,NULL,'2018-10-18 15:58:14','2018-10-18 15:58:14'),(2268,'Yemen','YEM',2014,NULL,NULL,NULL,'2018-10-18 15:58:14','2018-10-18 15:58:14'),(2269,'Yugoslavia','YUG',2077,NULL,NULL,NULL,'2018-10-18 15:58:14','2018-10-18 15:58:14'),(2270,'Zambia','ZAM',2001,NULL,NULL,NULL,'2018-10-18 15:58:14','2018-10-18 15:58:14'),(2271,'Zanzibar','ZAN',2001,NULL,NULL,NULL,'2018-10-18 15:58:14','2018-10-18 15:58:14'),(2272,'Zimbabwe','ZIM',2001,NULL,NULL,NULL,'2018-10-18 15:58:14','2018-10-18 15:58:14');
/*!40000 ALTER TABLE `areas` ENABLE KEYS */;
UNLOCK TABLES;

--
-- Table structure for table `leagues`
--

DROP TABLE IF EXISTS `leagues`;
/*!40101 SET @saved_cs_client     = @@character_set_client */;
/*!40101 SET character_set_client = utf8 */;
CREATE TABLE `leagues` (
  `id` int(11) NOT NULL,
  `area_id` int(11) NOT NULL,
  `league_name` varchar(255) COLLATE utf8mb4_unicode_ci NOT NULL,
  `league_code` varchar(3) COLLATE utf8mb4_unicode_ci DEFAULT NULL,
  `emblem_url` varchar(255) COLLATE utf8mb4_unicode_ci DEFAULT NULL,
  `season_start` datetime NOT NULL,
  `season_end` datetime NOT NULL,
  `current_matchday` int(11) NOT NULL,
  `created_at` timestamp NULL DEFAULT NULL,
  `updated_at` timestamp NULL DEFAULT NULL,
  PRIMARY KEY (`id`)
) ENGINE=InnoDB DEFAULT CHARSET=utf8mb4 COLLATE=utf8mb4_unicode_ci;
/*!40101 SET character_set_client = @saved_cs_client */;

--
-- Dumping data for table `leagues`
--

LOCK TABLES `leagues` WRITE;
/*!40000 ALTER TABLE `leagues` DISABLE KEYS */;
INSERT INTO `leagues` VALUES (2000,2267,'FIFA World Cup','WC',NULL,'2018-06-14 00:00:00','2018-07-15 00:00:00',3,'2018-10-19 02:37:21','2018-10-19 02:37:21'),(2001,2077,'UEFA Champions League','CL',NULL,'2018-06-26 00:00:00','2019-06-01 00:00:00',3,'2018-10-19 02:37:21','2018-10-19 02:37:21'),(2002,2088,'Bundesliga','BL1',NULL,'2018-08-24 00:00:00','2019-05-18 00:00:00',8,'2018-10-19 02:37:21','2018-10-19 02:37:21'),(2003,2163,'Eredivisie','DED',NULL,'2018-08-10 00:00:00','2019-05-12 00:00:00',9,'2018-10-19 02:37:21','2018-10-19 02:37:21'),(2013,2032,'Série A','BSA',NULL,'2018-04-14 00:00:00','2018-12-02 00:00:00',30,'2018-10-19 02:37:21','2018-10-19 02:37:21'),(2014,2224,'Primera Division','PD',NULL,'2018-08-17 00:00:00','2019-05-26 00:00:00',9,'2018-10-19 02:37:21','2018-10-19 02:37:21'),(2015,2081,'Ligue 1','FL1',NULL,'2018-08-10 00:00:00','2019-05-25 00:00:00',10,'2018-10-19 02:37:21','2018-10-19 02:37:21'),(2016,2072,'Championship','ELC',NULL,'2018-08-03 00:00:00','2019-05-05 00:00:00',13,'2018-10-19 02:37:21','2018-10-19 02:37:21'),(2017,2187,'Primeira Liga','PPL',NULL,'2018-08-10 00:00:00','2019-05-19 00:00:00',8,'2018-10-19 02:37:21','2018-10-19 02:37:21'),(2018,2077,'European Championship','EC',NULL,'2016-06-10 00:00:00','2016-07-10 00:00:00',3,'2018-10-19 02:37:21','2018-10-19 02:37:21'),(2019,2114,'Serie A','SA',NULL,'2018-08-18 00:00:00','2019-05-26 00:00:00',9,'2018-10-19 02:37:21','2018-10-19 02:37:21'),(2021,2072,'Premier League','PL',NULL,'2018-08-10 00:00:00','2019-05-12 00:00:00',9,'2018-10-19 02:37:21','2018-10-19 02:37:21');
/*!40000 ALTER TABLE `leagues` ENABLE KEYS */;
UNLOCK TABLES;

--
-- Table structure for table `migrations`
--

DROP TABLE IF EXISTS `migrations`;
/*!40101 SET @saved_cs_client     = @@character_set_client */;
/*!40101 SET character_set_client = utf8 */;
CREATE TABLE `migrations` (
  `id` int(10) unsigned NOT NULL AUTO_INCREMENT,
  `migration` varchar(255) COLLATE utf8mb4_unicode_ci NOT NULL,
  `batch` int(11) NOT NULL,
  PRIMARY KEY (`id`)
) ENGINE=InnoDB AUTO_INCREMENT=11 DEFAULT CHARSET=utf8mb4 COLLATE=utf8mb4_unicode_ci;
/*!40101 SET character_set_client = @saved_cs_client */;

--
-- Dumping data for table `migrations`
--

LOCK TABLES `migrations` WRITE;
/*!40000 ALTER TABLE `migrations` DISABLE KEYS */;
INSERT INTO `migrations` VALUES (5,'2014_10_12_000000_create_users_table',1),(6,'2014_10_12_100000_create_password_resets_table',1),(7,'2018_10_16_151101_create_test_epl_teams',1),(8,'2018_10_18_140536_create_areas_table',1),(9,'2018_10_18_161657_create_teams_table',2),(10,'2018_10_19_022401_create_leagues_table',3);
/*!40000 ALTER TABLE `migrations` ENABLE KEYS */;
UNLOCK TABLES;

--
-- Table structure for table `password_resets`
--

DROP TABLE IF EXISTS `password_resets`;
/*!40101 SET @saved_cs_client     = @@character_set_client */;
/*!40101 SET character_set_client = utf8 */;
CREATE TABLE `password_resets` (
  `email` varchar(255) COLLATE utf8mb4_unicode_ci NOT NULL,
  `token` varchar(255) COLLATE utf8mb4_unicode_ci NOT NULL,
  `created_at` timestamp NULL DEFAULT NULL,
  KEY `password_resets_email_index` (`email`)
) ENGINE=InnoDB DEFAULT CHARSET=utf8mb4 COLLATE=utf8mb4_unicode_ci;
/*!40101 SET character_set_client = @saved_cs_client */;

--
-- Dumping data for table `password_resets`
--

LOCK TABLES `password_resets` WRITE;
/*!40000 ALTER TABLE `password_resets` DISABLE KEYS */;
/*!40000 ALTER TABLE `password_resets` ENABLE KEYS */;
UNLOCK TABLES;

--
-- Table structure for table `standings`
--

DROP TABLE IF EXISTS `standings`;
/*!40101 SET @saved_cs_client     = @@character_set_client */;
/*!40101 SET character_set_client = utf8 */;
CREATE TABLE `standings` (
  `id` int(10) unsigned NOT NULL AUTO_INCREMENT,
  `league_id` int(10) unsigned NOT NULL,
  `position` int(11) NOT NULL,
  `team_id` int(10) unsigned NOT NULL,
  `played` int(11) NOT NULL,
  `won` int(11) NOT NULL,
  `drawn` int(11) NOT NULL,
  `lost` int(11) NOT NULL,
  `points` int(11) NOT NULL,
  `goals_for` int(11) NOT NULL,
  `goals_against` int(11) NOT NULL,
  `goal_difference` int(11) NOT NULL,
  `created_at` timestamp NULL DEFAULT NULL,
  `updated_at` timestamp NULL DEFAULT NULL,
  PRIMARY KEY (`id`)
) ENGINE=InnoDB AUTO_INCREMENT=159 DEFAULT CHARSET=utf8mb4 COLLATE=utf8mb4_unicode_ci;
/*!40101 SET character_set_client = @saved_cs_client */;

--
-- Dumping data for table `standings`
--

LOCK TABLES `standings` WRITE;
/*!40000 ALTER TABLE `standings` DISABLE KEYS */;
INSERT INTO `standings` VALUES (1,2015,1,524,9,9,0,0,27,32,6,26,'2018-10-19 04:42:53','2018-10-19 04:42:53'),(2,2015,2,521,9,6,1,2,19,17,7,10,'2018-10-19 04:42:53','2018-10-19 04:42:53'),(3,2015,3,516,9,5,1,3,16,21,16,5,'2018-10-19 04:42:53','2018-10-19 04:42:53'),(4,2015,4,518,9,4,4,1,16,12,7,5,'2018-10-19 04:42:53','2018-10-19 04:42:53'),(5,2015,5,527,9,4,3,2,15,11,12,-1,'2018-10-19 04:42:53','2018-10-19 04:42:53'),(6,2015,6,523,9,4,2,3,14,14,12,2,'2018-10-19 04:42:53','2018-10-19 04:42:53'),(7,2015,7,526,9,4,2,3,14,13,11,2,'2018-10-19 04:42:53','2018-10-19 04:42:53'),(8,2015,8,511,9,3,4,2,13,10,12,-2,'2018-10-19 04:42:53','2018-10-19 04:42:53'),(9,2015,9,576,9,3,3,3,12,16,13,3,'2018-10-19 04:42:53','2018-10-19 04:42:53'),(10,2015,10,532,9,3,2,4,11,11,12,-1,'2018-10-19 04:42:53','2018-10-19 04:42:53'),(11,2015,11,529,9,3,2,4,11,12,14,-2,'2018-10-19 04:42:53','2018-10-19 04:42:53'),(12,2015,12,522,9,3,2,4,11,7,13,-6,'2018-10-19 04:42:53','2018-10-19 04:42:53'),(13,2015,13,530,9,3,1,5,10,11,13,-2,'2018-10-19 04:42:53','2018-10-19 04:42:53'),(14,2015,14,556,9,2,4,3,10,13,16,-3,'2018-10-19 04:42:53','2018-10-19 04:42:53'),(15,2015,15,514,9,2,4,3,10,10,13,-3,'2018-10-19 04:42:53','2018-10-19 04:42:53'),(16,2015,16,528,9,3,1,5,10,9,13,-4,'2018-10-19 04:42:53','2018-10-19 04:42:53'),(17,2015,17,547,9,2,4,3,10,4,9,-5,'2018-10-19 04:42:53','2018-10-19 04:42:53'),(18,2015,18,548,9,1,3,5,6,9,13,-4,'2018-10-19 04:42:53','2018-10-19 04:42:53'),(19,2015,19,543,9,1,3,5,6,8,16,-8,'2018-10-19 04:42:53','2018-10-19 04:42:53'),(20,2015,20,538,9,1,2,6,5,6,18,-12,'2018-10-19 04:42:53','2018-10-19 04:42:53'),(21,2016,1,356,12,8,1,3,25,21,13,8,'2018-10-19 04:42:53','2018-10-19 04:42:53'),(22,2016,2,74,12,7,3,2,24,31,17,14,'2018-10-19 04:42:53','2018-10-19 04:42:53'),(23,2016,3,341,12,6,5,1,23,22,9,13,'2018-10-19 04:42:53','2018-10-19 04:42:53'),(24,2016,4,343,12,6,4,2,22,14,6,8,'2018-10-19 04:42:53','2018-10-19 04:42:53'),(25,2016,5,351,12,4,7,1,19,17,13,4,'2018-10-19 04:42:53','2018-10-19 04:42:53'),(26,2016,6,345,12,5,4,3,19,19,18,1,'2018-10-19 04:42:53','2018-10-19 04:42:53'),(27,2016,7,402,12,4,6,2,18,20,14,6,'2018-10-19 04:42:53','2018-10-19 04:42:53'),(28,2016,8,342,12,5,3,4,18,15,13,2,'2018-10-19 04:42:53','2018-10-19 04:42:53'),(29,2016,9,68,12,5,3,4,18,15,15,0,'2018-10-19 04:42:53','2018-10-19 04:42:53'),(30,2016,10,59,12,4,6,2,18,14,15,-1,'2018-10-19 04:42:53','2018-10-19 04:42:53'),(31,2016,11,72,12,4,5,3,17,12,9,3,'2018-10-19 04:42:53','2018-10-19 04:42:53'),(32,2016,12,75,12,5,2,5,17,14,16,-2,'2018-10-19 04:42:53','2018-10-19 04:42:53'),(33,2016,13,387,12,4,4,4,16,16,14,2,'2018-10-19 04:42:53','2018-10-19 04:42:53'),(34,2016,14,70,12,4,4,4,16,17,18,-1,'2018-10-19 04:42:53','2018-10-19 04:42:53'),(35,2016,15,58,12,3,6,3,15,20,20,0,'2018-10-19 04:42:53','2018-10-19 04:42:53'),(36,2016,16,60,12,4,3,5,15,10,15,-5,'2018-10-19 04:42:53','2018-10-19 04:42:53'),(37,2016,17,332,12,2,8,2,14,13,12,1,'2018-10-19 04:42:53','2018-10-19 04:42:53'),(38,2016,18,69,12,4,2,6,14,9,19,-10,'2018-10-19 04:42:53','2018-10-19 04:42:53'),(39,2016,19,385,12,3,2,7,11,9,19,-10,'2018-10-19 04:42:53','2018-10-19 04:42:53'),(40,2016,20,384,12,2,4,6,10,13,19,-6,'2018-10-19 04:42:53','2018-10-19 04:42:53'),(41,2016,21,355,12,2,3,7,9,15,20,-5,'2018-10-19 04:42:53','2018-10-19 04:42:53'),(42,2016,22,1081,12,2,3,7,9,18,24,-6,'2018-10-19 04:42:53','2018-10-19 04:42:53'),(43,2016,23,349,12,1,6,5,9,11,18,-7,'2018-10-19 04:42:53','2018-10-19 04:42:53'),(44,2016,24,322,12,2,2,8,8,10,19,-9,'2018-10-19 04:42:53','2018-10-19 04:42:53'),(45,2021,1,65,8,6,2,0,20,21,3,18,'2018-10-19 04:42:53','2018-10-19 04:42:53'),(46,2021,2,61,8,6,2,0,20,18,5,13,'2018-10-19 04:42:53','2018-10-19 04:42:53'),(47,2021,3,64,8,6,2,0,20,15,3,12,'2018-10-19 04:42:53','2018-10-19 04:42:53'),(48,2021,4,57,8,6,0,2,18,19,10,9,'2018-10-19 04:42:53','2018-10-19 04:42:53'),(49,2021,5,73,8,6,0,2,18,15,7,8,'2018-10-19 04:42:53','2018-10-19 04:42:53'),(50,2021,6,1044,8,5,1,2,16,16,12,4,'2018-10-19 04:42:53','2018-10-19 04:42:53'),(51,2021,7,76,8,4,3,1,15,9,6,3,'2018-10-19 04:42:53','2018-10-19 04:42:53'),(52,2021,8,66,8,4,1,3,13,13,14,-1,'2018-10-19 04:42:53','2018-10-19 04:42:53'),(53,2021,9,346,8,4,1,3,13,11,12,-1,'2018-10-19 04:42:53','2018-10-19 04:42:53'),(54,2021,10,338,8,4,0,4,12,14,12,2,'2018-10-19 04:42:53','2018-10-19 04:42:53'),(55,2021,11,62,8,3,3,2,12,13,12,1,'2018-10-19 04:42:53','2018-10-19 04:42:53'),(56,2021,12,328,8,2,2,4,8,10,12,-2,'2018-10-19 04:42:53','2018-10-19 04:42:53'),(57,2021,13,397,8,2,2,4,8,9,13,-4,'2018-10-19 04:42:53','2018-10-19 04:42:53'),(58,2021,14,354,8,2,1,5,7,5,9,-4,'2018-10-19 04:42:53','2018-10-19 04:42:53'),(59,2021,15,563,8,2,1,5,7,8,13,-5,'2018-10-19 04:42:53','2018-10-19 04:42:53'),(60,2021,16,340,8,1,2,5,5,6,14,-8,'2018-10-19 04:42:53','2018-10-19 04:42:53'),(61,2021,17,63,8,1,2,5,5,9,21,-12,'2018-10-19 04:42:53','2018-10-19 04:42:53'),(62,2021,18,394,8,0,3,5,3,4,17,-13,'2018-10-19 04:42:53','2018-10-19 04:42:53'),(63,2021,19,67,8,0,2,6,2,6,13,-7,'2018-10-19 04:42:53','2018-10-19 04:42:53'),(64,2021,20,715,8,0,2,6,2,4,17,-13,'2018-10-19 04:42:53','2018-10-19 04:42:53'),(65,2002,1,4,7,5,2,0,17,23,8,15,'2018-10-19 04:42:53','2018-10-19 04:42:53'),(66,2002,2,721,7,4,2,1,14,16,9,7,'2018-10-19 04:42:53','2018-10-19 04:42:53'),(67,2002,3,18,7,4,2,1,14,15,9,6,'2018-10-19 04:42:53','2018-10-19 04:42:53'),(68,2002,4,12,7,4,2,1,14,13,8,5,'2018-10-19 04:42:53','2018-10-19 04:42:53'),(69,2002,5,9,7,4,2,1,14,12,7,5,'2018-10-19 04:42:53','2018-10-19 04:42:53'),(70,2002,6,5,7,4,1,2,13,12,8,4,'2018-10-19 04:42:53','2018-10-19 04:42:53'),(71,2002,7,19,7,3,1,3,10,12,11,1,'2018-10-19 04:42:53','2018-10-19 04:42:53'),(72,2002,8,15,7,2,3,2,9,4,4,0,'2018-10-19 04:42:53','2018-10-19 04:42:53'),(73,2002,9,11,7,2,3,2,9,10,11,-1,'2018-10-19 04:42:53','2018-10-19 04:42:53'),(74,2002,10,16,7,2,2,3,8,14,13,1,'2018-10-19 04:42:53','2018-10-19 04:42:53'),(75,2002,11,17,7,2,2,3,8,9,13,-4,'2018-10-19 04:42:53','2018-10-19 04:42:53'),(76,2002,12,14,7,2,2,3,8,7,16,-9,'2018-10-19 04:42:53','2018-10-19 04:42:53'),(77,2002,13,2,7,2,1,4,7,11,12,-1,'2018-10-19 04:42:53','2018-10-19 04:42:53'),(78,2002,14,3,7,2,1,4,7,7,13,-6,'2018-10-19 04:42:53','2018-10-19 04:42:53'),(79,2002,15,6,7,2,0,5,6,5,9,-4,'2018-10-19 04:42:53','2018-10-19 04:42:53'),(80,2002,16,8,7,1,2,4,5,8,14,-6,'2018-10-19 04:42:53','2018-10-19 04:42:53'),(81,2002,17,24,7,1,2,4,5,5,11,-6,'2018-10-19 04:42:53','2018-10-19 04:42:53'),(82,2002,18,10,7,1,2,4,5,6,13,-7,'2018-10-19 04:42:53','2018-10-19 04:42:53'),(83,2003,1,674,8,8,0,0,24,30,3,27,'2018-10-19 04:42:53','2018-10-19 04:42:53'),(84,2003,2,678,8,6,1,1,19,21,4,17,'2018-10-19 04:42:53','2018-10-19 04:42:53'),(85,2003,3,675,8,5,2,1,17,17,10,7,'2018-10-19 04:42:53','2018-10-19 04:42:53'),(86,2003,4,671,8,5,1,2,16,19,18,1,'2018-10-19 04:42:53','2018-10-19 04:42:53'),(87,2003,5,679,8,3,3,2,12,14,9,5,'2018-10-19 04:42:53','2018-10-19 04:42:53'),(88,2003,6,682,8,3,3,2,12,17,13,4,'2018-10-19 04:42:53','2018-10-19 04:42:53'),(89,2003,7,668,8,3,2,3,11,8,9,-1,'2018-10-19 04:42:53','2018-10-19 04:42:53'),(90,2003,8,680,8,3,2,3,11,13,18,-5,'2018-10-19 04:42:53','2018-10-19 04:42:53'),(91,2003,9,673,8,2,4,2,10,20,18,2,'2018-10-19 04:42:53','2018-10-19 04:42:53'),(92,2003,10,684,8,3,1,4,10,9,11,-2,'2018-10-19 04:42:53','2018-10-19 04:42:53'),(93,2003,11,672,8,2,3,3,9,15,16,-1,'2018-10-19 04:42:53','2018-10-19 04:42:53'),(94,2003,12,676,8,2,3,3,9,8,11,-3,'2018-10-19 04:42:53','2018-10-19 04:42:53'),(95,2003,13,670,8,2,3,3,9,11,15,-4,'2018-10-19 04:42:53','2018-10-19 04:42:53'),(96,2003,14,1914,8,2,2,4,8,10,18,-8,'2018-10-19 04:42:53','2018-10-19 04:42:53'),(97,2003,15,1920,8,1,4,3,7,14,18,-4,'2018-10-19 04:42:53','2018-10-19 04:42:53'),(98,2003,16,1913,8,2,1,5,7,6,17,-11,'2018-10-19 04:42:53','2018-10-19 04:42:53'),(99,2003,17,677,8,1,1,6,4,4,15,-11,'2018-10-19 04:42:53','2018-10-19 04:42:53'),(100,2003,18,681,8,1,0,7,3,8,21,-13,'2018-10-19 04:42:53','2018-10-19 04:42:53'),(101,2019,1,109,8,8,0,0,24,18,5,13,'2018-10-19 04:42:53','2018-10-19 04:42:53'),(102,2019,2,113,8,6,0,2,18,15,10,5,'2018-10-19 04:42:53','2018-10-19 04:42:53'),(103,2019,3,108,8,5,1,2,16,12,6,6,'2018-10-19 04:42:53','2018-10-19 04:42:53'),(104,2019,4,110,8,5,0,3,15,11,9,2,'2018-10-19 04:42:53','2018-10-19 04:42:53'),(105,2019,5,584,8,4,2,2,14,12,4,8,'2018-10-19 04:42:53','2018-10-19 04:42:53'),(106,2019,6,100,8,4,2,2,14,16,10,6,'2018-10-19 04:42:53','2018-10-19 04:42:53'),(107,2019,7,99,8,4,1,3,13,14,6,8,'2018-10-19 04:42:53','2018-10-19 04:42:53'),(108,2019,8,471,8,4,1,3,13,15,14,1,'2018-10-19 04:42:53','2018-10-19 04:42:53'),(109,2019,9,112,8,4,1,3,13,10,9,1,'2018-10-19 04:42:53','2018-10-19 04:42:53'),(110,2019,10,98,7,3,3,1,12,15,10,5,'2018-10-19 04:42:53','2018-10-19 04:42:53'),(111,2019,11,586,8,3,3,2,12,9,9,0,'2018-10-19 04:42:53','2018-10-19 04:42:53'),(112,2019,12,107,7,4,0,3,12,12,14,-2,'2018-10-19 04:42:53','2018-10-19 04:42:53'),(113,2019,13,104,8,2,3,3,9,6,9,-3,'2018-10-19 04:42:53','2018-10-19 04:42:53'),(114,2019,14,1107,8,3,0,5,9,6,10,-4,'2018-10-19 04:42:53','2018-10-19 04:42:53'),(115,2019,15,115,8,2,2,4,8,8,10,-2,'2018-10-19 04:42:53','2018-10-19 04:42:53'),(116,2019,16,103,8,2,1,5,7,4,10,-6,'2018-10-19 04:42:53','2018-10-19 04:42:53'),(117,2019,17,102,8,1,3,4,6,9,11,-2,'2018-10-19 04:42:53','2018-10-19 04:42:53'),(118,2019,18,445,8,1,2,5,5,5,10,-5,'2018-10-19 04:42:53','2018-10-19 04:42:53'),(119,2019,19,470,8,0,1,7,1,3,21,-18,'2018-10-19 04:42:53','2018-10-19 04:42:53'),(120,2019,20,106,8,0,2,6,-1,6,19,-13,'2018-10-19 04:42:53','2018-10-19 04:42:53'),(121,2017,1,1903,7,5,2,0,17,15,5,10,'2018-10-19 04:42:53','2018-10-19 04:42:53'),(122,2017,2,5613,7,5,2,0,17,16,7,9,'2018-10-19 04:42:53','2018-10-19 04:42:53'),(123,2017,3,503,7,5,0,2,15,16,6,10,'2018-10-19 04:42:53','2018-10-19 04:42:53'),(124,2017,4,496,7,4,2,1,14,12,8,4,'2018-10-19 04:42:53','2018-10-19 04:42:53'),(125,2017,5,498,7,4,1,2,13,11,8,3,'2018-10-19 04:42:53','2018-10-19 04:42:53'),(126,2017,6,5530,7,3,2,2,11,14,11,3,'2018-10-19 04:42:53','2018-10-19 04:42:53'),(127,2017,7,5543,7,3,1,3,10,12,11,1,'2018-10-19 04:42:53','2018-10-19 04:42:53'),(128,2017,8,5575,7,3,1,3,10,6,9,-3,'2018-10-19 04:42:53','2018-10-19 04:42:53'),(129,2017,9,5565,7,2,3,2,9,4,3,1,'2018-10-19 04:42:53','2018-10-19 04:42:53'),(130,2017,10,5620,7,2,2,3,8,8,7,1,'2018-10-19 04:42:53','2018-10-19 04:42:53'),(131,2017,11,810,7,2,1,4,7,8,11,-3,'2018-10-19 04:42:53','2018-10-19 04:42:53'),(132,2017,12,5568,7,1,4,2,7,4,7,-3,'2018-10-19 04:42:53','2018-10-19 04:42:53'),(133,2017,13,5601,7,2,1,4,7,10,15,-5,'2018-10-19 04:42:53','2018-10-19 04:42:53'),(134,2017,14,1103,7,2,1,4,7,7,12,-5,'2018-10-19 04:42:53','2018-10-19 04:42:53'),(135,2017,15,583,7,2,1,4,7,5,13,-8,'2018-10-19 04:42:53','2018-10-19 04:42:53'),(136,2017,16,1049,7,1,3,3,6,6,7,-1,'2018-10-19 04:42:53','2018-10-19 04:42:53'),(137,2017,17,5529,7,1,2,4,5,6,15,-9,'2018-10-19 04:42:53','2018-10-19 04:42:53'),(138,2017,18,5544,7,1,1,5,4,6,11,-5,'2018-10-19 04:42:53','2018-10-19 04:42:53'),(139,2014,1,559,8,5,1,2,16,18,8,10,'2018-10-19 04:42:53','2018-10-19 04:42:53'),(140,2014,2,81,8,4,3,1,15,19,9,10,'2018-10-19 04:42:53','2018-10-19 04:42:53'),(141,2014,3,78,8,4,3,1,15,9,4,5,'2018-10-19 04:42:53','2018-10-19 04:42:53'),(142,2014,4,86,8,4,2,2,14,12,7,5,'2018-10-19 04:42:53','2018-10-19 04:42:53'),(143,2014,5,80,8,4,2,2,14,11,7,4,'2018-10-19 04:42:53','2018-10-19 04:42:53'),(144,2014,6,263,8,4,2,2,14,11,8,3,'2018-10-19 04:42:53','2018-10-19 04:42:53'),(145,2014,7,250,8,3,3,2,12,7,6,1,'2018-10-19 04:42:53','2018-10-19 04:42:53'),(146,2014,8,90,8,3,3,2,12,5,6,-1,'2018-10-19 04:42:53','2018-10-19 04:42:53'),(147,2014,9,92,8,3,2,3,11,12,11,1,'2018-10-19 04:42:53','2018-10-19 04:42:53'),(148,2014,10,558,8,2,4,2,10,13,12,1,'2018-10-19 04:42:53','2018-10-19 04:42:53'),(149,2014,11,88,8,3,1,4,10,12,14,-2,'2018-10-19 04:42:53','2018-10-19 04:42:53'),(150,2014,12,278,8,3,1,4,10,9,12,-3,'2018-10-19 04:42:53','2018-10-19 04:42:53'),(151,2014,13,82,8,2,3,3,9,6,7,-1,'2018-10-19 04:42:53','2018-10-19 04:42:53'),(152,2014,14,95,8,1,6,1,9,6,7,-1,'2018-10-19 04:42:53','2018-10-19 04:42:53'),(153,2014,15,298,8,2,3,3,9,10,13,-3,'2018-10-19 04:42:53','2018-10-19 04:42:53'),(154,2014,16,94,8,2,2,4,8,6,7,-1,'2018-10-19 04:42:53','2018-10-19 04:42:53'),(155,2014,17,77,7,1,4,2,7,9,13,-4,'2018-10-19 04:42:53','2018-10-19 04:42:53'),(156,2014,18,745,8,2,1,5,7,7,12,-5,'2018-10-19 04:42:53','2018-10-19 04:42:53'),(157,2014,19,87,7,1,2,4,5,7,15,-8,'2018-10-19 04:42:53','2018-10-19 04:42:53'),(158,2014,20,299,8,1,2,5,5,7,18,-11,'2018-10-19 04:42:53','2018-10-19 04:42:53');
/*!40000 ALTER TABLE `standings` ENABLE KEYS */;
UNLOCK TABLES;

--
-- Table structure for table `teams`
--

DROP TABLE IF EXISTS `teams`;
/*!40101 SET @saved_cs_client     = @@character_set_client */;
/*!40101 SET character_set_client = utf8 */;
CREATE TABLE `teams` (
  `id` int(11) NOT NULL,
  `area_id` int(11) NOT NULL,
  `team_name` varchar(255) COLLATE utf8mb4_unicode_ci NOT NULL,
  `short_name` varchar(255) COLLATE utf8mb4_unicode_ci DEFAULT NULL,
  `tla` varchar(3) COLLATE utf8mb4_unicode_ci DEFAULT NULL,
  `crest_url` varchar(255) COLLATE utf8mb4_unicode_ci DEFAULT NULL,
  `address` varchar(255) COLLATE utf8mb4_unicode_ci DEFAULT NULL,
  `phone` varchar(255) COLLATE utf8mb4_unicode_ci DEFAULT NULL,
  `website` varchar(255) COLLATE utf8mb4_unicode_ci DEFAULT NULL,
  `email` varchar(255) COLLATE utf8mb4_unicode_ci DEFAULT NULL,
  `founded` int(11) DEFAULT NULL,
  `club_colours` varchar(255) COLLATE utf8mb4_unicode_ci DEFAULT NULL,
  `venue` varchar(255) COLLATE utf8mb4_unicode_ci DEFAULT NULL,
  `altId1` int(11) DEFAULT NULL,
  `altId2` int(11) DEFAULT NULL,
  `altId3` int(11) DEFAULT NULL,
  `created_at` timestamp NULL DEFAULT NULL,
  `updated_at` timestamp NULL DEFAULT NULL,
  PRIMARY KEY (`id`)
) ENGINE=InnoDB DEFAULT CHARSET=utf8mb4 COLLATE=utf8mb4_unicode_ci;
/*!40101 SET character_set_client = @saved_cs_client */;

--
-- Dumping data for table `teams`
--

LOCK TABLES `teams` WRITE;
/*!40000 ALTER TABLE `teams` DISABLE KEYS */;
/*!40000 ALTER TABLE `teams` ENABLE KEYS */;
UNLOCK TABLES;

--
-- Table structure for table `testeplteams`
--

DROP TABLE IF EXISTS `testeplteams`;
/*!40101 SET @saved_cs_client     = @@character_set_client */;
/*!40101 SET character_set_client = utf8 */;
CREATE TABLE `testeplteams` (
  `id` int(10) unsigned NOT NULL AUTO_INCREMENT,
  `team_id` int(11) NOT NULL,
  `team_name` varchar(255) COLLATE utf8mb4_unicode_ci NOT NULL,
  `created_at` timestamp NULL DEFAULT NULL,
  `updated_at` timestamp NULL DEFAULT NULL,
  PRIMARY KEY (`id`)
) ENGINE=InnoDB DEFAULT CHARSET=utf8mb4 COLLATE=utf8mb4_unicode_ci;
/*!40101 SET character_set_client = @saved_cs_client */;

--
-- Dumping data for table `testeplteams`
--

LOCK TABLES `testeplteams` WRITE;
/*!40000 ALTER TABLE `testeplteams` DISABLE KEYS */;
/*!40000 ALTER TABLE `testeplteams` ENABLE KEYS */;
UNLOCK TABLES;

--
-- Table structure for table `users`
--

DROP TABLE IF EXISTS `users`;
/*!40101 SET @saved_cs_client     = @@character_set_client */;
/*!40101 SET character_set_client = utf8 */;
CREATE TABLE `users` (
  `id` int(10) unsigned NOT NULL AUTO_INCREMENT,
  `name` varchar(255) COLLATE utf8mb4_unicode_ci NOT NULL,
  `email` varchar(255) COLLATE utf8mb4_unicode_ci NOT NULL,
  `password` varchar(255) COLLATE utf8mb4_unicode_ci NOT NULL,
  `remember_token` varchar(100) COLLATE utf8mb4_unicode_ci DEFAULT NULL,
  `created_at` timestamp NULL DEFAULT NULL,
  `updated_at` timestamp NULL DEFAULT NULL,
  PRIMARY KEY (`id`),
  UNIQUE KEY `users_email_unique` (`email`)
) ENGINE=InnoDB DEFAULT CHARSET=utf8mb4 COLLATE=utf8mb4_unicode_ci;
/*!40101 SET character_set_client = @saved_cs_client */;

--
-- Dumping data for table `users`
--

LOCK TABLES `users` WRITE;
/*!40000 ALTER TABLE `users` DISABLE KEYS */;
/*!40000 ALTER TABLE `users` ENABLE KEYS */;
UNLOCK TABLES;
/*!40103 SET TIME_ZONE=@OLD_TIME_ZONE */;

/*!40101 SET SQL_MODE=@OLD_SQL_MODE */;
/*!40014 SET FOREIGN_KEY_CHECKS=@OLD_FOREIGN_KEY_CHECKS */;
/*!40014 SET UNIQUE_CHECKS=@OLD_UNIQUE_CHECKS */;
/*!40101 SET CHARACTER_SET_CLIENT=@OLD_CHARACTER_SET_CLIENT */;
/*!40101 SET CHARACTER_SET_RESULTS=@OLD_CHARACTER_SET_RESULTS */;
/*!40101 SET COLLATION_CONNECTION=@OLD_COLLATION_CONNECTION */;
/*!40111 SET SQL_NOTES=@OLD_SQL_NOTES */;

-- Dump completed on 2019-12-18  9:08:03
